0.0000,0.0000,0.0000,0.0000,-54.4401
0.0000,0.0020,0.0000,0.0020,-54.4401
0.0001,0.0079,0.0001,0.0079,-54.4401
0.0003,0.0177,0.0003,0.0177,-54.4401
0.0006,0.0315,0.0006,0.0315,-54.4401
0.0011,0.0492,0.0011,0.0492,-54.4401
0.0018,0.0709,0.0018,0.0709,-54.4401
0.0028,0.0965,0.0028,0.0965,-54.4401
0.0040,0.1260,0.0040,0.1260,-54.4401
0.0056,0.1594,0.0056,0.1594,-54.4401
0.0076,0.1969,0.0076,0.1969,-54.4401
0.0100,0.2382,0.0100,0.2382,-54.4401
0.0128,0.2835,0.0128,0.2835,-54.4401
0.0161,0.3327,0.0161,0.3327,-54.4401
0.0200,0.3858,0.0200,0.3858,-54.4401
0.0244,0.4429,0.0244,0.4429,-54.4401
0.0294,0.5039,0.0294,0.5039,-54.4401
0.0351,0.5689,0.0351,0.5689,-54.4401
0.0415,0.6378,0.0415,0.6378,-54.4401
0.0486,0.7106,0.0486,0.7106,-54.4401
0.0565,0.7874,0.0565,0.7874,-54.4401
0.0652,0.8681,0.0652,0.8681,-54.4401
0.0747,0.9528,0.0747,0.9528,-54.4401
0.0851,1.0413,0.0851,1.0413,-54.4401
0.0965,1.1339,0.0965,1.1339,-54.4401
0.1088,1.2303,0.1088,1.2303,-54.4401
0.1221,1.3307,0.1221,1.3307,-54.4401
0.1364,1.4350,0.1364,1.4351,-54.4401
0.1518,1.5433,0.1519,1.5433,-54.4401
0.1684,1.6555,0.1684,1.6555,-54.4401
0.1861,1.7716,0.1861,1.7717,-54.4401
0.2050,1.8917,0.2050,1.8918,-54.4401
0.2252,2.0157,0.2252,2.0158,-54.4401
0.2466,2.1437,0.2466,2.1437,-54.4401
0.2694,2.2755,0.2694,2.2756,-54.4401
0.2935,2.4114,0.2935,2.4115,-54.4401
0.3190,2.5511,0.3190,2.5512,-54.4401
0.3460,2.6948,0.3460,2.6950,-54.4400
0.3744,2.8424,0.3744,2.8426,-54.4400
0.4043,2.9940,0.4043,2.9942,-54.4400
0.4358,3.1495,0.4358,3.1497,-54.4400
0.4689,3.3090,0.4689,3.3092,-54.4400
0.5036,3.4723,0.5037,3.4726,-54.4400
0.5400,3.6396,0.5401,3.6399,-54.4400
0.5781,3.8109,0.5782,3.8112,-54.4400
0.6180,3.9860,0.6180,3.9864,-54.4400
0.6596,4.1651,0.6597,4.1656,-54.4400
0.7031,4.3482,0.7032,4.3487,-54.4400
0.7485,4.5352,0.7485,4.5357,-54.4400
0.7957,4.7261,0.7958,4.7267,-54.4400
0.8450,4.9209,0.8450,4.9216,-54.4399
0.8962,5.1197,0.8962,5.1204,-54.4399
0.9494,5.3224,0.9494,5.3233,-54.4399
1.0047,5.5291,1.0047,5.5300,-54.4399
1.0621,5.7397,1.0622,5.7407,-54.4399
1.1216,5.9542,1.1217,5.9553,-54.4399
1.1833,6.1726,1.1834,6.1738,-54.4398
1.2473,6.3950,1.2474,6.3963,-54.4398
1.3135,6.6213,1.3136,6.6228,-54.4397
1.3820,6.8516,1.3822,6.8531,-54.4397
1.4529,7.0858,1.4530,7.0875,-54.4397
1.5261,7.3239,1.5263,7.3257,-54.4397
1.6018,7.5659,1.6020,7.5680,-54.4396
1.6799,7.8119,1.6801,7.8140,-54.4396
1.7605,8.0618,1.7608,8.0642,-54.4395
1.8437,8.3156,1.8439,8.3182,-54.4394
1.9294,8.5735,1.9297,8.5762,-54.4394
2.0177,8.8351,2.0181,8.8381,-54.4393
2.1088,9.1008,2.1091,9.1039,-54.4393
2.2025,9.3703,2.2029,9.3738,-54.4392
2.2989,9.6439,2.2993,9.6475,-54.4392
2.3981,9.9212,2.3986,9.9253,-54.4390
2.5001,10.2026,2.5007,10.2069,-54.4389
2.6050,10.4878,2.6056,10.4925,-54.4388
2.7128,10.7770,2.7134,10.7820,-54.4387
2.8235,11.0702,2.8242,11.0755,-54.4386
2.9372,11.3672,2.9379,11.3730,-54.4384
3.0538,11.6669,3.0546,11.6731,-54.4383
3.1735,11.9667,3.1744,11.9733,-54.4382
3.2962,12.2665,3.2971,12.2735,-54.4380
3.4218,12.5663,3.4228,12.5737,-54.4379
3.5505,12.8661,3.5516,12.8739,-54.4377
3.6821,13.1658,3.6833,13.1742,-54.4375
3.8168,13.4656,3.8180,13.4744,-54.4373
3.9544,13.7653,3.9558,13.7747,-54.4371
4.0951,14.0651,4.0965,14.0750,-54.4369
4.2387,14.3647,4.2403,14.3753,-54.4366
4.3854,14.6645,4.3871,14.6755,-54.4364
4.5350,14.9642,4.5368,14.9758,-54.4362
4.6877,15.2638,4.6896,15.2762,-54.4359
4.8433,15.5635,4.8453,15.5765,-54.4356
5.0019,15.8632,5.0041,15.8769,-54.4353
5.1636,16.1628,5.1659,16.1772,-54.4350
5.3282,16.4624,5.3307,16.4776,-54.4346
5.4958,16.7620,5.4984,16.7780,-54.4343
5.6664,17.0616,5.6692,17.0784,-54.4339
5.8400,17.3613,5.8430,17.3788,-54.4336
6.0166,17.6608,6.0198,17.6792,-54.4332
6.1963,17.9604,6.1996,17.9797,-54.4327
6.3788,18.2599,6.3824,18.2801,-54.4323
6.5644,18.5594,6.5682,18.5806,-54.4318
6.7530,18.8590,6.7570,18.8810,-54.4314
6.9446,19.1585,6.9488,19.1815,-54.4309
7.1392,19.4580,7.1436,19.4821,-54.4303
7.3368,19.7574,7.3415,19.7826,-54.4298
7.5373,20.0569,7.5423,20.0831,-54.4292
7.7409,20.3563,7.7461,20.3837,-54.4286
7.9475,20.6558,7.9530,20.6842,-54.4280
8.1570,20.9552,8.1628,20.9849,-54.4273
8.3696,21.2545,8.3757,21.2855,-54.4266
8.5851,21.5540,8.5915,21.5861,-54.4259
8.8036,21.8533,8.8104,21.8867,-54.4252
9.0252,22.1526,9.0323,22.1874,-54.4244
9.2497,22.4519,9.2572,22.4881,-54.4236
9.4772,22.7512,9.4851,22.7888,-54.4228
9.7077,23.0505,9.7160,23.0895,-54.4219
9.9412,23.3498,9.9499,23.3902,-54.4210
10.1777,23.6491,10.1868,23.6909,-54.4202
10.4172,23.9483,10.4267,23.9917,-54.4192
10.6596,24.2475,10.6696,24.2925,-54.4181
10.9051,24.5467,10.9155,24.5933,-54.4172
11.1536,24.8458,11.1645,24.8942,-54.4160
11.4050,25.1450,11.4164,25.1950,-54.4150
11.6595,25.4441,11.6714,25.4959,-54.4138
11.9169,25.7433,11.9294,25.7968,-54.4127
12.1773,26.0424,12.1903,26.0977,-54.4115
12.4407,26.3414,12.4543,26.3986,-54.4102
12.7071,26.6404,12.7213,26.6996,-54.4088
12.9765,26.9394,12.9913,27.0006,-54.4074
13.2489,27.2385,13.2643,27.3016,-54.4061
13.5243,27.5374,13.5404,27.6026,-54.4046
13.8027,27.8365,13.8194,27.9036,-54.4033
14.0840,28.1353,14.1014,28.2047,-54.4015
14.3683,28.4342,14.3865,28.5058,-54.4000
14.6557,28.7331,14.6746,28.8069,-54.3984
14.9460,29.0320,14.9657,29.1080,-54.3968
15.2393,29.3309,15.2597,29.4092,-54.3950
15.5356,29.6296,15.5568,29.7104,-54.3932
15.8349,29.9285,15.8570,30.0115,-54.3914
16.1372,30.2272,16.1601,30.3128,-54.3895
16.4424,30.5260,16.4662,30.6140,-54.3876
16.7507,30.8247,16.7754,30.9153,-54.3856
17.0619,31.1234,17.0875,31.2166,-54.3835
17.3761,31.4220,17.4027,31.5180,-54.3812
17.6933,31.7207,17.7209,31.8193,-54.3792
18.0135,32.0193,18.0421,32.1207,-54.3768
18.3367,32.3179,18.3663,32.4221,-54.3747
18.6629,32.6164,18.6936,32.7236,-54.3721
18.9920,32.9150,19.0238,33.0250,-54.3698
19.3242,33.2135,19.3571,33.3265,-54.3672
19.6593,33.5121,19.6934,33.6280,-54.3648
19.9974,33.8104,20.0327,33.9296,-54.3619
20.3385,34.1089,20.3750,34.2311,-54.3594
20.6825,34.4073,20.7203,34.5327,-54.3566
21.0296,34.7057,21.0687,34.8343,-54.3538
21.3796,35.0040,21.4200,35.1360,-54.3507
21.7327,35.3023,21.7744,35.4377,-54.3479
22.0887,35.6006,22.1318,35.7394,-54.3447
22.4477,35.8988,22.4922,36.0412,-54.3414
22.8096,36.1970,22.8556,36.3430,-54.3383
23.1746,36.4953,23.2221,36.6448,-54.3351
23.5425,36.7934,23.5915,36.9466,-54.3316
23.9134,37.0915,23.9640,37.2486,-54.3280
24.2873,37.3896,24.3395,37.5505,-54.3244
24.6642,37.6877,24.7181,37.8523,-54.3209
25.0441,37.9857,25.0996,38.1543,-54.3171
25.4269,38.2837,25.4842,38.4563,-54.3133
25.8127,38.5817,25.8717,38.7584,-54.3095
26.2015,38.8795,26.2624,39.0605,-54.3052
26.5933,39.1774,26.6560,39.3626,-54.3012
26.9880,39.4753,27.0526,39.6647,-54.2971
27.3858,39.7731,27.4523,39.9669,-54.2928
27.7865,40.0709,27.8550,40.2691,-54.2883
28.1902,40.3687,28.2607,40.5713,-54.2840
28.5968,40.6664,28.6694,40.8736,-54.2794
29.0065,40.9641,29.0812,41.1760,-54.2745
29.4191,41.2617,29.4960,41.4783,-54.2696
29.8347,41.5593,29.9138,41.7807,-54.2648
30.2532,41.8570,30.3346,42.0831,-54.2599
30.6748,42.1544,30.7585,42.3856,-54.2546
31.0993,42.4519,31.1854,42.6881,-54.2492
31.5268,42.7494,31.6153,42.9906,-54.2441
31.9573,43.0467,32.0482,43.2933,-54.2383
32.3907,43.3441,32.4842,43.5959,-54.2328
32.8271,43.6415,32.9231,43.8985,-54.2271
33.2665,43.9388,33.3651,44.2012,-54.2215
33.7089,44.2361,33.8102,44.5039,-54.2156
34.1542,44.5332,34.2583,44.8068,-54.2092
34.6025,44.8304,34.7094,45.1096,-54.2029
35.0538,45.1275,35.1635,45.4125,-54.1966
35.5080,45.4247,35.6206,45.7154,-54.1903
35.9652,45.7218,36.0808,46.0183,-54.1839
36.4254,46.0187,36.5440,46.3214,-54.1768
36.8886,46.3157,37.0103,46.6244,-54.1701
37.3547,46.6126,37.4795,46.9274,-54.1631
37.8238,46.9094,37.9518,47.2306,-54.1558
38.2959,47.2063,38.4272,47.5337,-54.1488
38.7709,47.5031,38.9056,47.8369,-54.1413
39.2489,47.7997,39.3870,48.1403,-54.1335
39.7299,48.0965,39.8714,48.4435,-54.1262
40.2138,48.3930,40.3589,48.7470,-54.1178
40.7007,48.6897,40.8494,49.0503,-54.1100
41.1906,48.9863,41.3429,49.3537,-54.1021
41.6834,49.2827,41.8395,49.6573,-54.0934
42.1792,49.5792,42.3391,49.9608,-54.0851
42.6779,49.8756,42.8417,50.2644,-54.0766
43.1796,50.1720,43.3474,50.5681,-54.0678
43.6843,50.4682,43.8561,50.8718,-54.0586
44.1920,50.7645,44.3679,51.1756,-54.0496
44.7026,51.0606,44.8827,51.4794,-54.0400
45.2161,51.3567,45.4005,51.7833,-54.0306
45.7327,51.6529,45.9214,52.0871,-54.0212
46.2522,51.9488,46.4453,52.3912,-54.0111
46.7746,52.2447,46.9722,52.6953,-54.0009
47.3000,52.5406,47.5022,52.9994,-53.9905
47.8284,52.8366,48.0353,53.3034,-53.9806
48.3597,53.1323,48.5714,53.6077,-53.9697
48.8940,53.4281,49.1105,53.9119,-53.9591
49.4312,53.7238,49.6526,54.2162,-53.9482
49.9714,54.0193,50.1978,54.5207,-53.9367
50.5146,54.3149,50.7461,54.8251,-53.9254
51.0607,54.6105,51.2974,55.1296,-53.9141
51.6097,54.9058,51.8517,55.4342,-53.9022
52.1617,55.2012,52.4091,55.7388,-53.8902
52.7167,55.4965,52.9696,56.0435,-53.8780
53.2746,55.7918,53.5330,56.3482,-53.8657
53.8355,56.0870,54.0996,56.6530,-53.8531
54.3993,56.3821,54.6691,56.9579,-53.8402
54.9661,56.6770,55.2418,57.2630,-53.8269
55.5358,56.9721,55.8175,57.5679,-53.8138
56.1085,57.2669,56.3962,57.8731,-53.8002
56.6841,57.5619,56.9780,58.1782,-53.7868
57.2627,57.8566,57.5628,58.4835,-53.7725
57.8442,58.1513,58.1507,58.7888,-53.7583
58.4286,58.4459,58.7416,59.0941,-53.7440
59.0160,58.7405,59.3356,59.3995,-53.7296
59.6064,59.0351,59.9327,59.7049,-53.7149
60.1997,59.3293,60.5328,60.0107,-53.6990
60.7959,59.6236,61.1359,60.3164,-53.6836
61.3951,59.9180,61.7422,60.6220,-53.6685
61.9972,60.2120,62.3514,60.9280,-53.6519
62.6023,60.5061,62.9638,61.2339,-53.6356
63.2103,60.8001,63.5792,61.5399,-53.6194
63.8212,61.0940,64.1976,61.8460,-53.6023
64.4351,61.3880,64.8192,62.1520,-53.5861
65.0519,61.6818,65.4437,62.4582,-53.5688
65.6717,61.9755,66.0714,62.7645,-53.5513
66.2944,62.2691,66.7021,63.0710,-53.5334
66.9200,62.5625,67.3359,63.3775,-53.5151
67.5485,62.8558,67.9727,63.6842,-53.4962
68.1800,63.1492,68.6126,63.9908,-53.4778
68.8145,63.4424,69.2556,64.2976,-53.4585
69.4518,63.7356,69.9016,64.6044,-53.4395
70.0921,64.0285,70.5508,64.9115,-53.4195
70.7353,64.3215,71.2029,65.2186,-53.3994
71.3815,64.6143,71.8582,65.5257,-53.3792
72.0305,64.9071,72.5165,65.8329,-53.3587
72.6825,65.1998,73.1779,66.1403,-53.3379
73.3375,65.4923,73.8424,66.4477,-53.3166
73.9953,65.7847,74.5100,66.7554,-53.2947
74.6561,66.0768,75.1806,67.0632,-53.2721
75.3198,66.3690,75.8543,67.3710,-53.2498
75.9864,66.6613,76.5311,67.6788,-53.2276
76.6559,66.9526,77.2110,67.9862,-53.2044
77.3283,67.2405,77.8939,68.2902,-53.1811
78.0035,67.5244,78.5798,68.5903,-53.1577
78.6816,67.8040,79.2686,68.8869,-53.1327
79.3624,68.0799,79.9604,69.1793,-53.1086
80.0459,68.3517,80.6551,69.4678,-53.0839
80.7321,68.6194,81.3526,69.7526,-53.0585
81.4209,68.8830,82.0530,70.0337,-53.0323
82.1124,69.1427,82.7561,70.3107,-53.0064
82.8063,69.3986,83.4619,70.5837,-52.9808
83.5028,69.6502,84.1704,70.8531,-52.9540
84.2018,69.8976,84.8816,71.1188,-52.9258
84.9032,70.1413,85.5954,71.3803,-52.8989
85.6070,70.3807,86.3118,71.6383,-52.8703
86.3132,70.6165,87.0307,71.8921,-52.8426
87.0217,70.8478,87.7522,72.1424,-52.8131
87.7324,71.0754,88.4760,72.3885,-52.7842
88.4454,71.2989,89.2024,72.6309,-52.7546
89.1606,71.5182,89.9310,72.8696,-52.7241
89.8779,71.7337,90.6621,73.1043,-52.6939
90.5974,71.9449,91.3954,73.3353,-52.6626
91.3189,72.1523,92.1311,73.5623,-52.6313
92.0425,72.3554,92.8689,73.7857,-52.5986
92.7680,72.5549,93.6090,74.0048,-52.5672
93.4955,72.7501,94.3512,74.2205,-52.5341
94.2249,72.9412,95.0955,74.4322,-52.5007
94.9562,73.1283,95.8419,74.6402,-52.4666
95.6893,73.3117,96.5903,74.8439,-52.4335
96.4242,73.4906,97.3408,75.0443,-52.3981
97.1609,73.6657,98.0932,75.2405,-52.3633
97.8993,73.8367,98.8475,75.4331,-52.3275
98.6393,74.0034,99.6037,75.6220,-52.2905
99.3810,74.1663,100.3618,75.8069,-52.2538
100.1242,74.3253,101.1217,75.9878,-52.2173
100.8690,74.4800,101.8833,76.1651,-52.1791
101.6153,74.6312,102.6467,76.3380,-52.1426
102.3631,74.7776,103.4118,76.5079,-52.1025
103.1123,74.9205,104.1785,76.6735,-52.0638
103.8629,75.0592,104.9469,76.8352,-52.0246
104.6148,75.1940,105.7168,76.9931,-51.9849
105.3681,75.3242,106.4883,77.1477,-51.9427
106.1226,75.4512,107.2613,77.2977,-51.9031
106.8783,75.5735,108.0357,77.4443,-51.8609
107.6352,75.6917,108.8116,77.5873,-51.8174
108.3933,75.8061,109.5888,77.7262,-51.7746
109.1525,75.9167,110.3675,77.8610,-51.7322
109.9127,76.0230,111.1474,77.9923,-51.6883
110.6739,76.1250,111.9286,78.1200,-51.6427
111.4362,76.2235,112.7110,78.2432,-51.5991
112.1994,76.3177,113.4946,78.3629,-51.5535
112.9634,76.4074,114.2794,78.4792,-51.5059
113.7284,76.4936,115.0653,78.5912,-51.4599
114.4941,76.5754,115.8523,78.6997,-51.4115
115.2607,76.6536,116.6404,78.8040,-51.3645
116.0279,76.7272,117.4294,78.9049,-51.3149
116.7959,76.7972,118.2194,79.0016,-51.2666
117.5645,76.8631,119.0104,79.0945,-51.2173
118.3338,76.9248,119.8022,79.1837,-51.1669
119.1036,76.9823,120.5949,79.2693,-51.1154
119.8740,77.0355,121.3884,79.3512,-51.0625
120.6448,77.0850,122.1827,79.4290,-51.0103
121.4161,77.1308,122.9777,79.5026,-50.9586
122.1878,77.1722,123.7735,79.5728,-50.9053
122.9599,77.2093,124.5699,79.6394,-50.8501
123.7324,77.2425,125.3669,79.7020,-50.7950
124.5051,77.2718,126.1645,79.7606,-50.7401
125.2780,77.2967,126.9627,79.8158,-50.6829
126.0512,77.3176,127.7613,79.8671,-50.6256
126.8246,77.3345,128.5605,79.9144,-50.5680
127.5980,77.3475,129.3600,79.9579,-50.5100
128.3716,77.3564,130.1600,79.9975,-50.4516
129.1452,77.3613,130.9604,80.0333,-50.3925
129.9188,77.3615,131.7610,80.0659,-50.3303
130.6924,77.3582,132.5620,80.0942,-50.2697
131.4659,77.3508,133.3631,80.1187,-50.2081
132.2393,77.3392,134.1645,80.1395,-50.1454
133.0125,77.3236,134.9661,80.1568,-50.0816
133.7856,77.3074,135.7678,80.1730,-50.0189
134.5585,77.2908,136.5697,80.1896,-49.9547
135.3313,77.2738,137.3718,80.2066,-49.8890
136.1038,77.2563,138.1740,80.2241,-49.8216
136.8762,77.2390,138.9765,80.2414,-49.7549
137.6484,77.2212,139.7790,80.2592,-49.6861
138.4205,77.2034,140.5818,80.2770,-49.6180
139.1923,77.1850,141.3848,80.2954,-49.5475
139.9640,77.1666,142.1879,80.3138,-49.4773
140.7355,77.1482,142.9912,80.3322,-49.4072
141.5068,77.1291,143.7947,80.3513,-49.3344
142.2779,77.1099,144.5984,80.3705,-49.2614
143.0488,77.0906,145.4023,80.3898,-49.1882
143.8195,77.0711,146.2064,80.4093,-49.1145
144.5900,77.0506,147.0107,80.4298,-49.0374
145.3603,77.0307,147.8152,80.4497,-48.9625
146.1304,77.0097,148.6199,80.4707,-48.8837
146.9003,76.9892,149.4249,80.4912,-48.8069
147.6700,76.9683,150.2300,80.5121,-48.7288
148.4394,76.9461,151.0353,80.5343,-48.6463
149.2087,76.9243,151.8409,80.5561,-48.5652
149.9777,76.9028,152.6467,80.5776,-48.4855
150.7465,76.8798,153.4527,80.6006,-48.4007
151.5151,76.8570,154.2589,80.6234,-48.3168
152.2834,76.8335,155.0654,80.6469,-48.2306
153.0515,76.8101,155.8721,80.6703,-48.1450
153.8194,76.7868,156.6790,80.6936,-48.0599
154.5870,76.7625,157.4862,80.7179,-47.9717
155.3544,76.7373,158.2936,80.7431,-47.8803
156.1215,76.7120,159.1013,80.7684,-47.7887
156.8884,76.6874,159.9092,80.7930,-47.7002
157.6550,76.6606,160.7174,80.8198,-47.6042
158.4213,76.6345,161.5259,80.8459,-47.5109
159.1874,76.6080,162.3346,80.8724,-47.4165
159.9532,76.5811,163.1436,80.8993,-47.3209
160.7187,76.5536,163.9529,80.9268,-47.2239
161.4840,76.5256,164.7624,80.9548,-47.1250
162.2490,76.4969,165.5723,80.9835,-47.0241
163.0136,76.4673,166.3824,81.0131,-46.9209
163.7780,76.4380,167.1928,81.0424,-46.8188
164.5421,76.4078,168.0035,81.0726,-46.7138
165.3059,76.3776,168.8146,81.1028,-46.6095
166.0693,76.3463,169.6259,81.1341,-46.5017
166.8325,76.3148,170.4376,81.1656,-46.3940
167.5953,76.2833,171.2495,81.1971,-46.2862
168.3578,76.2502,172.0618,81.2302,-46.1739
169.1200,76.2168,172.8745,81.2636,-46.0608
169.8818,76.1829,173.6874,81.2975,-45.9466
170.6433,76.1484,174.5008,81.3320,-45.8309
171.4044,76.1133,175.3144,81.3671,-45.7135
172.1652,76.0774,176.1285,81.4030,-45.5940
172.9256,76.0418,176.9428,81.4386,-45.4763
173.6857,76.0039,177.7576,81.4765,-45.3515
174.4453,75.9662,178.5728,81.5142,-45.2277
175.2046,75.9285,179.3883,81.5519,-45.1048
175.9635,75.8895,180.2042,81.5909,-44.9779
176.7220,75.8488,181.0205,81.6316,-44.8465
177.4801,75.8079,181.8372,81.6725,-44.7147
178.2377,75.7665,182.6544,81.7139,-44.5822
178.9950,75.7245,183.4719,81.7559,-44.4486
179.7518,75.6819,184.2899,81.7985,-44.3133
180.5082,75.6368,185.1083,81.8436,-44.1714
181.2641,75.5923,185.9272,81.8881,-44.0316
182.0195,75.5466,186.7466,81.9338,-43.8890
182.7746,75.5011,187.5664,81.9793,-43.7478
183.5291,75.4526,188.3866,82.0278,-43.5977
184.2831,75.4055,189.2074,82.0749,-43.4532
185.0367,75.3550,190.0286,82.1254,-43.2987
185.7897,75.3057,190.8504,82.1747,-43.1488
186.5423,75.2541,191.6726,82.2263,-42.9928
187.2943,75.2017,192.4954,82.2787,-42.8354
188.0458,75.1466,193.3188,82.3338,-42.6705
188.7967,75.0920,194.1427,82.3884,-42.5083
189.5471,75.0361,194.9671,82.4443,-42.3429
190.2969,74.9804,195.7921,82.5000,-42.1792
191.0461,74.9209,196.6177,82.5595,-42.0055
191.7947,74.8613,197.4439,82.6191,-41.8322
192.5427,74.8013,198.2707,82.6791,-41.6588
193.2901,74.7387,199.0981,82.7417,-41.4789
194.0368,74.6752,199.9261,82.8052,-41.2975
194.7829,74.6105,200.7548,82.8699,-41.1140
195.5284,74.5445,201.5842,82.9359,-40.9277
196.2731,74.4768,202.4142,83.0036,-40.7378
197.0172,74.4072,203.2450,83.0732,-40.5436
197.7606,74.3375,204.0764,83.1429,-40.3504
198.5032,74.2652,204.9086,83.2152,-40.1512
199.2451,74.1900,205.7415,83.2904,-39.9452
199.9863,74.1138,206.5751,83.3666,-39.7379
200.7266,74.0363,207.4096,83.4441,-39.5283
201.4662,73.9572,208.2448,83.5232,-39.3158
202.2050,73.8762,209.0808,83.6042,-39.0994
202.9429,73.7928,209.9177,83.6876,-38.8780
203.6800,73.7094,210.7554,83.7710,-38.6578
204.4162,73.6228,211.5940,83.8576,-38.4307
205.1516,73.5326,212.4335,83.9478,-38.1958
205.8860,73.4411,213.2739,84.0393,-37.9588
206.6194,73.3479,214.1152,84.1325,-37.7190
207.3520,73.2525,214.9575,84.2279,-37.4751
208.0835,73.1545,215.8007,84.3259,-37.2261
208.8140,73.0534,216.6450,84.4270,-36.9708
209.5436,72.9516,217.4903,84.5288,-36.7156
210.2720,72.8458,218.3366,84.6346,-36.4516
210.9994,72.7383,219.1841,84.7421,-36.1853
211.7257,72.6287,220.0326,84.8517,-35.9155
212.4508,72.5132,220.8822,84.9672,-35.6328
213.1748,72.3977,221.7331,85.0827,-35.3520
213.8976,72.2784,222.5851,85.2020,-35.0636
214.6192,72.1581,223.4383,85.3223,-34.7745
215.3395,72.0325,224.2928,85.4479,-34.4749
216.0585,71.9048,225.1486,85.5756,-34.1716
216.7763,71.7741,226.0056,85.7063,-33.8633
217.4926,71.6359,226.8641,85.8445,-33.5393
218.2076,71.5010,227.7239,85.9794,-33.2249
218.9212,71.3571,228.5851,86.1233,-32.8913
219.6333,71.2111,229.4478,86.2693,-32.5549
220.3440,71.0624,230.3120,86.4180,-32.2142
221.0531,70.9102,231.1777,86.5702,-31.8673
221.7606,70.7536,232.0449,86.7268,-31.5124
222.4665,70.5917,232.9138,86.8887,-31.1474
223.1708,70.4280,233.7843,87.0524,-30.7804
223.8734,70.2572,234.6566,87.2232,-30.3991
224.5742,70.0827,235.5306,87.3977,-30.0116
225.2733,69.9084,236.4063,87.5720,-29.6265
225.9705,69.7238,237.2838,87.7566,-29.2203
226.6659,69.5374,238.1633,87.9430,-28.8120
227.3594,69.3484,239.0446,88.1320,-28.3996
228.0509,69.1505,239.9279,88.3299,-27.9696
228.7403,68.9476,240.8132,88.5328,-27.5305
229.4278,68.7441,241.7006,88.7363,-27.0913
230.1131,68.5334,242.5900,88.9470,-26.6381
230.7963,68.3142,243.4817,89.1662,-26.1679
231.4772,68.0965,244.3756,89.3839,-25.7021
232.1559,67.8677,245.2717,89.6127,-25.2137
232.8323,67.6382,246.1701,89.8422,-24.7245
233.5063,67.4007,247.0709,90.0797,-24.2191
234.1779,67.1600,247.9741,90.3204,-23.7073
234.8470,66.9086,248.8798,90.5718,-23.1730
235.5136,66.6575,249.7880,90.8229,-22.6393
236.1776,66.3993,250.6989,91.0811,-22.0900
236.8389,66.1323,251.6123,91.3481,-21.5217
237.4976,65.8684,252.5285,91.6120,-20.9587
238.1535,65.5931,253.4473,91.8873,-20.3700
238.8067,65.3183,254.3690,92.1621,-19.7806
239.4570,65.0291,255.2935,92.4513,-19.1580
240.1044,64.7447,256.2208,92.7357,-18.5426
240.7489,64.4501,257.1511,93.0303,-17.9015
241.3905,64.1578,258.0844,93.3226,-17.2613
242.0290,63.8526,259.0206,93.6278,-16.5877
242.6646,63.5544,259.9599,93.9260,-15.9239
243.2970,63.2479,260.9022,94.2325,-15.2350
243.9264,62.9391,261.8476,94.5413,-14.5331
244.5527,62.6269,262.7962,94.8535,-13.8147
245.1758,62.3104,263.7479,95.1700,-13.0759
245.7958,61.9957,264.7027,95.4847,-12.3299
246.4126,61.6820,265.6607,95.7984,-11.5735
247.0263,61.3685,266.6218,96.1119,-10.8032
247.6368,61.0547,267.5861,96.4257,-10.0155
248.2442,60.7398,268.5535,96.7406,-9.2068
248.8485,60.4305,269.5240,97.0499,-8.3917
249.4498,60.1262,270.4975,97.3542,-7.5674
250.0480,59.8201,271.4741,97.6603,-6.7120
250.6432,59.5253,272.4537,97.9551,-5.8599
251.2356,59.2351,273.4361,98.2453,-4.9895
251.8251,58.9560,274.4214,98.5244,-4.1175
252.4120,58.6818,275.4094,98.7986,-3.2219
252.9961,58.4132,276.4000,99.0672,-2.2999
253.5777,58.1620,277.3932,99.3184,-1.3893
254.1569,57.9227,278.3888,99.5577,-0.4684
254.7338,57.6910,279.3867,99.7894,0.4848
255.3086,57.4775,280.3867,100.0029,1.4312
255.8814,57.2780,281.3887,100.2024,2.3923
256.4523,57.0935,282.3926,100.3869,3.3690
257.0216,56.9285,283.3981,100.5519,4.3410
257.5894,56.7801,284.4051,100.7003,5.3295
258.1559,56.6521,285.4134,100.8283,6.3134
258.7214,56.5425,286.4228,100.9379,7.3136
259.2859,56.4541,287.4331,101.0263,8.3079
259.8498,56.3856,288.4440,101.0948,9.3169
260.4132,56.3389,289.4554,101.1415,10.3177
260.9765,56.3350,290.4669,101.1454,10.4310
261.5452,56.8658,291.4730,100.6146,12.2995
262.1168,57.1664,292.4762,100.3140,13.2551
262.6917,57.4904,293.4761,99.9900,14.2237
263.2700,57.8294,294.4726,99.6510,15.1814
263.8518,58.1733,295.4656,99.3071,16.1053
264.4370,58.5269,296.4552,98.9535,17.0134
265.0260,58.8959,297.4410,98.5845,17.9223
265.6187,59.2697,298.4231,98.2107,18.8092
266.2151,59.6457,299.4015,97.8347,19.6714
266.8154,60.0295,300.3760,97.4509,20.5248
267.4195,60.4100,301.3467,97.0704,21.3476
268.0276,60.8018,302.3135,96.6786,22.1735
268.6394,61.1850,303.2764,96.2954,22.9629
269.2551,61.5744,304.2355,95.9060,23.7485
269.8747,61.9587,305.1907,95.5217,24.5093
270.4982,62.3441,306.1421,95.1363,25.2595
271.1254,62.7195,307.0897,94.7609,25.9792
271.7564,63.0999,308.0335,94.3805,26.6983
272.3910,63.4658,308.9736,94.0146,27.3815
273.0294,63.8404,309.9100,93.6400,28.0733
273.6714,64.1961,310.8429,93.2843,28.7237
274.3170,64.5561,311.7721,92.9243,29.3762
274.9660,64.9017,312.6979,92.5787,29.9978
275.6184,65.2474,313.6202,92.2330,30.6151
276.2743,65.5830,314.5392,91.8974,31.2109
276.9334,65.9147,315.4549,91.5657,31.7968
277.5958,66.2407,316.3673,91.2397,32.3698
278.2614,66.5592,317.2765,90.9212,32.9275
278.9301,66.8686,318.1826,90.6118,33.4676
279.6018,67.1676,319.0857,90.3128,33.9879
280.2764,67.4619,319.9859,90.0185,34.4990
280.9539,67.7501,320.8832,89.7303,34.9984
281.6343,68.0375,321.7776,89.4429,35.4959
282.3174,68.3091,322.6693,89.1713,35.9654
283.0031,68.5774,323.5584,88.9030,36.4288
283.6915,68.8408,324.4448,88.6396,36.8837
284.3825,69.0920,325.3287,88.3884,37.3172
285.0759,69.3424,326.2100,88.1380,37.7494
285.7717,69.5846,327.0890,87.8958,38.1677
286.4699,69.8178,327.9656,87.6626,38.5704
287.1704,70.0470,328.8400,87.4334,38.9663
287.8731,70.2711,329.7120,87.2093,39.3537
288.5780,70.4892,330.5820,86.9912,39.7309
289.2850,70.7004,331.4498,86.7800,40.0966
289.9940,70.9040,332.3155,86.5764,40.4494
290.7051,71.1046,333.1793,86.3758,40.7972
291.4181,71.3014,334.0411,86.1790,41.1386
292.1330,71.4884,334.9010,85.9920,41.4634
292.8497,71.6751,335.7590,85.8053,41.7879
293.5683,71.8558,336.6153,85.6246,42.1021
294.2886,72.0299,337.4698,85.4505,42.4051
295.0106,72.2016,338.3226,85.2788,42.7039
295.7343,72.3700,339.1737,85.1104,42.9973
296.4596,72.5302,340.0232,84.9502,43.2765
297.1865,72.6905,340.8711,84.7899,43.5560
297.9149,72.8418,341.7175,84.6386,43.8196
298.6448,72.9920,342.5624,84.4884,44.0815
299.3763,73.1405,343.4058,84.3399,44.3403
300.1091,73.2828,344.2477,84.1976,44.5883
300.8433,73.4187,345.0883,84.0617,44.8250
301.5788,73.5555,345.9276,83.9249,45.0629
302.3157,73.6887,346.7655,83.7917,45.2945
303.0539,73.8181,347.6021,83.6623,45.5191
303.7933,73.9432,348.4375,83.5372,45.7362
304.5340,74.0674,349.2716,83.4130,45.9511
305.2759,74.1867,350.1046,83.2937,46.1572
306.0189,74.3042,350.9363,83.1762,46.3598
306.7631,74.4164,351.7670,83.0640,46.5527
307.5084,74.5294,352.5965,82.9510,46.7466
308.2548,74.6397,353.4249,82.8407,46.9351
309.0022,74.7469,354.2522,82.7335,47.1179
309.7507,74.8509,355.0785,82.6295,47.2945
310.5003,74.9515,355.9038,82.5289,47.4645
311.2508,75.0513,356.7281,82.4291,47.6325
312.0023,75.1500,357.5514,82.3304,47.7979
312.7547,75.2446,358.3738,82.2358,47.9556
313.5081,75.3377,359.1952,82.1427,48.1100
314.2624,75.4290,360.0157,82.0514,48.2605
315.0176,75.5183,360.8353,81.9621,48.4069
315.7736,75.6081,361.6540,81.8723,48.5530
316.5306,75.6929,362.4719,81.7875,48.6900
317.2884,75.7778,363.2889,81.7026,48.8260
318.0470,75.8599,364.1052,81.6205,48.9566
318.8064,75.9417,364.9205,81.5387,49.0854
319.5666,76.0204,365.7351,81.4600,49.2084
320.3276,76.0984,366.5490,81.3820,49.3290
321.0893,76.1755,367.3620,81.3049,49.4470
321.8518,76.2491,368.1743,81.2313,49.5586
322.6150,76.3239,368.9859,81.1565,49.6705
323.3790,76.3950,369.7967,81.0854,49.7757
324.1437,76.4668,370.6069,81.0136,49.8806
324.9090,76.5370,371.4163,80.9434,49.9818
325.6751,76.6054,372.2251,80.8750,50.0790
326.4418,76.6720,373.0331,80.8084,50.1722
327.2092,76.7387,373.8406,80.7417,50.2642
327.9772,76.8033,374.6473,80.6771,50.3519
328.7459,76.8678,375.4535,80.6126,50.4378
329.5152,76.9320,376.2589,80.5484,50.5219
330.2852,76.9938,377.0638,80.4866,50.6013
331.0557,77.0552,377.8681,80.4252,50.6786
331.8269,77.1141,378.6717,80.3663,50.7512
332.5986,77.1742,379.4748,80.3062,50.8238
333.3709,77.2336,380.2773,80.2468,50.8937
334.1438,77.2902,381.0792,80.1902,50.9588
334.9173,77.3477,381.8805,80.1327,51.0233
335.6914,77.4042,382.6812,80.0762,51.0850
336.4659,77.4597,383.4815,80.0207,51.1438
337.2411,77.5139,384.2811,79.9665,51.1996
338.0168,77.5687,385.0802,79.9117,51.2542
338.7930,77.6205,385.8788,79.8599,51.3042
339.5697,77.6743,386.6769,79.8061,51.3544
340.3470,77.7267,387.4744,79.7537,51.4014
341.1248,77.7777,388.2715,79.7027,51.4453
341.9031,77.8288,389.0680,79.6516,51.4876
342.6818,77.8783,389.8640,79.6021,51.5268
343.4611,77.9279,390.6595,79.5525,51.5643
344.2409,77.9775,391.4545,79.5029,51.5998
345.0212,78.0269,392.2491,79.4535,51.6334
345.8019,78.0746,393.0431,79.4058,51.6640
346.5831,78.1221,393.8367,79.3583,51.6927
347.3648,78.1708,394.6298,79.3096,51.7201
348.1470,78.2177,395.4224,79.2627,51.7446
348.9297,78.2643,396.2146,79.2161,51.7670
349.7128,78.3105,397.0063,79.1699,51.7874
350.4963,78.3563,397.7975,79.1241,51.8057
351.2803,78.4016,398.5883,79.0788,51.8219
352.0648,78.4465,399.3787,79.0339,51.8360
352.8497,78.4908,400.1686,78.9896,51.8480
353.6351,78.5359,400.9580,78.9445,51.8584
354.4209,78.5791,401.7470,78.9013,51.8664
355.2071,78.6231,402.5356,78.8573,51.8727
355.9938,78.6678,403.3237,78.8126,51.8770
356.7809,78.7104,404.1114,78.7700,51.8793
357.5684,78.7538,404.8987,78.7266,51.8797
358.3564,78.7964,405.6855,78.6840,51.8781
359.1448,78.8397,406.4719,78.6407,51.8745
359.9336,78.8823,407.2579,78.5981,51.8691
360.7228,78.9240,408.0435,78.5564,51.8619
361.5125,78.9663,408.8286,78.5141,51.8526
362.3026,79.0079,409.6134,78.4725,51.8417
363.0931,79.0499,410.3977,78.4305,51.8286
363.8840,79.0925,411.1815,78.3879,51.8135
364.6753,79.1342,411.9650,78.3462,51.7967
365.4671,79.1750,412.7481,78.3054,51.7783
366.2593,79.2163,413.5307,78.2641,51.7579
367.0518,79.2581,414.3129,78.2223,51.7353
367.8448,79.2990,415.0947,78.1814,51.7114
368.6382,79.3402,415.8761,78.1402,51.6852
369.4321,79.3820,416.6571,78.0984,51.6569
370.2263,79.4228,417.4377,78.0576,51.6274
371.0209,79.4639,418.2179,78.0165,51.5957
371.8160,79.5042,418.9976,77.9762,51.5629
372.6114,79.5462,419.7770,77.9342,51.5268
373.4073,79.5859,420.5559,77.8945,51.4909
374.2036,79.6273,421.3344,77.8531,51.4515
375.0002,79.6691,422.1126,77.8113,51.4100
375.7973,79.7100,422.8903,77.7704,51.3676
376.5949,79.7513,423.6675,77.7291,51.3229
377.3928,79.7915,424.4444,77.6889,51.2776
378.1911,79.8336,425.2209,77.6468,51.2285
378.9899,79.8746,425.9970,77.6058,51.1788
379.7890,79.9161,426.7726,77.5643,51.1268
380.5886,79.9580,427.5478,77.5224,51.0726
381.3886,79.9989,428.3226,77.4815,51.0179
382.1890,80.0417,429.0970,77.4387,50.9590
382.9898,80.0834,429.8710,77.3970,50.8997
383.7911,80.1243,430.6446,77.3561,50.8401
384.5928,80.1669,431.4177,77.3135,50.7762
385.3948,80.2087,432.1904,77.2717,50.7120
386.1974,80.2523,432.9627,77.2281,50.6432
387.0003,80.2950,433.7345,77.1854,50.5742
387.8037,80.3369,434.5060,77.1435,50.5051
388.6075,80.3806,435.2770,77.0998,50.4312
389.4117,80.4235,436.0475,77.0569,50.3572
390.2164,80.4670,436.8177,77.0134,50.2806
391.0215,80.5110,437.5874,76.9694,50.2014
391.8270,80.5542,438.3566,76.9262,50.1223
392.6330,80.5995,439.1254,76.8809,50.0377
393.4395,80.6440,439.8938,76.8364,49.9531
394.2464,80.6876,440.6617,76.7928,49.8686
395.0537,80.7335,441.4292,76.7469,49.7784
395.8615,80.7787,442.1962,76.7017,49.6882
396.6697,80.8246,442.9628,76.6558,49.5949
397.4784,80.8697,443.7289,76.6107,49.5018
398.2876,80.9158,444.4945,76.5646,49.4055
399.0972,80.9626,445.2597,76.5178,49.3061
399.9073,81.0104,446.0244,76.4700,49.2033
400.7179,81.0576,446.7886,76.4228,49.1004
401.5289,81.1042,447.5524,76.3762,48.9975
402.3405,81.1534,448.3157,76.3270,48.8875
403.1525,81.2005,449.0785,76.2799,48.7810
403.9650,81.2503,449.8408,76.2301,48.6671
404.7780,81.2997,450.6026,76.1807,48.5529
405.5915,81.3486,451.3639,76.1318,48.4385
406.4054,81.3988,452.1247,76.0816,48.3199
407.2199,81.4503,452.8850,76.0301,48.1970
408.0349,81.4998,453.6448,75.9806,48.0776
408.8505,81.5524,454.4041,75.9280,47.9496
409.6665,81.6031,455.1629,75.8773,47.8251
410.4831,81.6571,455.9211,75.8233,47.6914
411.3002,81.7092,456.6788,75.7712,47.5612
412.1178,81.7629,457.4360,75.7175,47.4258
412.9360,81.8167,458.1926,75.6637,47.2893
413.7547,81.8704,458.9487,75.6100,47.1518
414.5739,81.9260,459.7043,75.5544,47.0084
415.3937,81.9818,460.4593,75.4986,46.8636
416.2141,82.0377,461.2137,75.4427,46.7173
417.0351,82.0939,461.9675,75.3865,46.5693
417.8566,82.1523,462.7208,75.3281,46.4146
418.6787,82.2092,463.4735,75.2712,46.2628
419.5014,82.2684,464.2257,75.2120,46.1039
420.3246,82.3282,464.9772,75.1522,45.9425
421.1485,82.3885,465.7281,75.0919,45.7786
421.9730,82.4476,466.4784,75.0328,45.6172
422.7981,82.5094,467.2281,74.9710,45.4475
423.6238,82.5720,467.9772,74.9084,45.2746
424.4501,82.6335,468.7257,74.8469,45.1039
425.2771,82.6960,469.4735,74.7844,44.9296
426.1047,82.7617,470.2207,74.7187,44.7456
426.9330,82.8264,470.9673,74.6540,44.5632
427.7619,82.8903,471.7132,74.5901,44.3824
428.5915,82.9577,472.4584,74.5227,44.1909
429.4217,83.0245,473.2030,74.4559,44.0004
430.2526,83.0928,473.9468,74.3876,43.8046
431.0842,83.1606,474.6900,74.3198,43.6095
431.9165,83.2301,475.4325,74.2503,43.4084
432.7495,83.2994,476.1743,74.1810,43.2075
433.5832,83.3706,476.9154,74.1098,43.0001
434.4177,83.4416,477.6558,74.0388,42.7922
435.2528,83.5149,478.3955,73.9655,42.5770
436.0887,83.5883,479.1344,73.8921,42.3609
436.9253,83.6618,479.8726,73.8186,42.1435
437.7627,83.7379,480.6100,73.7425,41.9176
438.6008,83.8144,481.3467,73.6660,41.6897
439.4397,83.8889,482.0826,73.5915,41.4668
440.2794,83.9689,482.8177,73.5115,41.2268
441.1199,84.0471,483.5520,73.4333,40.9912
441.9611,84.1261,484.2856,73.3543,40.7523
442.8032,84.2061,485.0183,73.2743,40.5097
443.6461,84.2871,485.7503,73.1933,40.2630
444.4898,84.3693,486.4814,73.1111,40.0118
445.3343,84.4528,487.2116,73.0276,39.7557
446.1797,84.5378,487.9411,72.9426,39.4941
447.0259,84.6218,488.6697,72.8586,39.2347
447.8730,84.7074,489.3974,72.7730,38.9691
448.7209,84.7949,490.1242,72.6855,38.6966
449.5697,84.8817,490.8502,72.5987,38.4253
450.4194,84.9706,491.5753,72.5098,38.1462
451.2700,85.0591,492.2995,72.4213,37.8674
452.1215,85.1500,493.0228,72.3304,37.5798
452.9739,85.2406,493.7452,72.2398,37.2917
453.8273,85.3340,494.4667,72.1464,36.9936
454.6816,85.4275,495.1872,72.0529,36.6940
455.5368,85.5211,495.9068,71.9593,36.3924
456.3929,85.6149,496.6255,71.8655,36.0885
457.2500,85.7121,497.3432,71.7683,35.7722
458.1081,85.8069,498.0599,71.6735,35.4621
458.9672,85.9054,498.7756,71.5750,35.1384
459.8272,86.0017,499.4904,71.4787,34.8200
460.6882,86.1018,500.2042,71.3786,34.4869
461.5502,86.2001,500.9170,71.2803,34.1581
462.4132,86.3026,501.6288,71.1778,33.8131
463.2773,86.4033,502.3396,71.0771,33.4716
464.1423,86.5055,503.0493,70.9749,33.1229
465.0084,86.6063,503.7581,70.8741,32.7769
465.8755,86.7086,504.4658,70.7718,32.4226
466.7436,86.8128,505.1725,70.6676,32.0592
467.6127,86.9158,505.8781,70.5646,31.6971
468.4830,87.0209,506.5827,70.4595,31.3248
469.3542,87.1249,507.2863,70.3555,30.9528
470.2265,87.2312,507.9887,70.2492,30.5694
471.0999,87.3367,508.6902,70.1437,30.1852
471.9743,87.4415,509.3906,70.0389,29.7998
472.8498,87.5487,510.0899,69.9317,29.4012
473.7263,87.6523,510.7882,69.8281,29.0121
474.6039,87.7586,511.4854,69.7218,28.6086
475.4825,87.8644,512.1815,69.6160,28.2019
476.3623,87.9729,512.8766,69.5075,27.7794
477.2430,88.0781,513.5706,69.4023,27.3649
478.1249,88.1830,514.2636,69.2974,26.9458
479.0078,88.2876,514.9555,69.1928,26.5217
479.8917,88.3921,515.6464,69.0883,26.0921
480.7766,88.4964,516.3363,68.9840,25.6566
481.6626,88.6006,517.0251,68.8798,25.2146
482.5497,88.7045,517.7128,68.7759,24.7658
483.4378,88.8083,518.3995,68.6721,24.3096
484.3269,88.9090,519.0853,68.5714,23.8589
485.2170,89.0094,519.7700,68.4710,23.4003
486.1081,89.1096,520.4537,68.3708,22.9333
487.0001,89.2067,521.1364,68.2737,22.4712
487.8932,89.3035,521.8182,68.1769,22.0001
488.7872,89.3998,522.4990,68.0806,21.5198
489.6821,89.4929,523.1789,67.9875,21.0439
490.5779,89.5855,523.8578,67.8949,20.5582
491.4737,89.5754,524.5369,67.9050,20.0787
492.3692,89.5471,525.2162,67.9333,19.5866
493.2643,89.5174,525.8958,67.9630,19.1114
494.1592,89.4850,526.5758,67.9954,18.6314
495.0537,89.4498,527.2561,68.0306,18.1465
495.9478,89.4118,527.9368,68.0686,17.6569
496.8415,89.3733,528.6178,68.1071,17.1905
497.7348,89.3309,529.2993,68.1495,16.7056
498.6277,89.2870,529.9813,68.1934,16.2303
499.5201,89.2418,530.6637,68.2386,15.7646
500.4121,89.1926,531.3465,68.2878,15.2813
501.3035,89.1437,532.0299,68.3367,14.8217
502.1944,89.0923,532.7138,68.3881,14.3586
503.0848,89.0385,533.3982,68.4419,13.8924
503.9746,88.9823,534.0832,68.4981,13.4236
504.8639,88.9254,534.7687,68.5550,12.9658
505.7525,88.8663,535.4549,68.6141,12.5060
506.6406,88.8068,536.1416,68.6736,12.0580
507.5281,88.7454,536.8290,68.7350,11.6087
508.4149,88.6820,537.5169,68.7984,11.1588
509.3011,88.6168,538.2056,68.8636,10.7086
510.1866,88.5518,538.8949,68.9286,10.2717
511.0714,88.4853,539.5848,68.9951,9.8354
511.9556,88.4174,540.2754,69.0630,9.4005
512.8391,88.3482,540.9668,69.1322,8.9672
513.7219,88.2779,541.6588,69.2025,8.5364
514.6039,88.2066,542.3515,69.2738,8.1084
515.4853,88.1344,543.0450,69.3460,7.6839
516.3659,88.0615,543.7392,69.4189,7.2635
517.2458,87.9882,544.4341,69.4922,6.8476
518.1249,87.9122,545.1298,69.5682,6.4248
519.0033,87.8383,545.8262,69.6421,6.0200
519.8809,87.7621,546.5234,69.7183,5.6094
520.7578,87.6862,547.2213,69.7942,5.2060
521.6339,87.6105,547.9200,69.8699,4.8101
522.5092,87.5331,548.6195,69.9473,4.4106
523.3838,87.4564,549.3197,70.0240,4.0200
524.2575,87.3784,550.0208,70.1020,3.6272
525.1306,87.3014,550.7226,70.1790,3.2446
526.0028,87.2233,551.4251,70.2571,2.8611
526.8742,87.1444,552.1285,70.3360,2.4776
527.7449,87.0671,552.8326,70.4133,2.1061
528.6148,86.9894,553.5375,70.4910,1.7359
529.4839,86.9089,554.2432,70.5715,1.3565
530.3522,86.8307,554.9497,70.6497,0.9912
531.2197,86.7526,555.6570,70.7278,0.6292
532.0865,86.6747,556.3651,70.8057,0.2714
532.9524,86.5972,557.0739,70.8832,-0.0816
533.8176,86.5204,557.7835,70.9600,-0.4292
534.6821,86.4420,558.4939,71.0384,-0.7813
535.5457,86.3646,559.2050,71.1158,-1.1265
536.4086,86.2884,559.9170,71.1920,-1.4643
537.2707,86.2112,560.6297,71.2692,-1.8043
538.1321,86.1356,561.3431,71.3448,-2.1356
538.9927,86.0594,562.0573,71.4210,-2.4677
539.8525,85.9851,562.7723,71.4953,-2.7897
540.7116,85.9082,563.4880,71.5722,-3.1213
541.5699,85.8336,564.2045,71.6468,-3.4415
542.4275,85.7614,564.9217,71.7190,-3.7499
543.2844,85.6873,565.6396,71.7931,-4.0655
544.1405,85.6136,566.3583,71.8668,-4.3779
544.9959,85.5406,567.0776,71.9398,-4.6862
545.8506,85.4685,567.7978,72.0119,-4.9899
546.7046,85.3973,568.5186,72.0831,-5.2884
547.5579,85.3251,569.2402,72.1553,-5.5904
548.4104,85.2543,569.9624,72.2261,-5.8859
549.2623,85.1850,570.6854,72.2954,-6.1743
550.1134,85.1151,571.4090,72.3653,-6.4642
550.9639,85.0471,572.1334,72.4333,-6.7459
551.8137,84.9789,572.8584,72.5015,-7.0279
552.6628,84.9107,573.5841,72.5697,-7.3094
553.5112,84.8448,574.3104,72.6356,-7.5809
554.3590,84.7770,575.0375,72.7034,-7.8596
555.2061,84.7118,575.7651,72.7686,-8.1272
556.0526,84.6472,576.4935,72.8332,-8.3921
556.8984,84.5834,577.2224,72.8970,-8.6535
557.7436,84.5184,577.9521,72.9620,-8.9194
558.5882,84.4566,578.6823,73.0238,-9.1723
559.4321,84.3939,579.4132,73.0865,-9.4286
560.2754,84.3305,580.1447,73.1499,-9.6874
561.1181,84.2706,580.8768,73.2098,-9.9318
561.9602,84.2103,581.6095,73.2701,-10.1777
562.8017,84.1498,582.3428,73.3306,-10.4246
563.6426,84.0911,583.0767,73.3893,-10.6638
564.4829,84.0325,583.8111,73.4479,-10.9028
565.3227,83.9740,584.5462,73.5064,-11.1410
566.1618,83.9159,585.2819,73.5645,-11.3780
567.0004,83.8601,586.0181,73.6203,-11.6054
567.8385,83.8031,586.7548,73.6773,-11.8383
568.6760,83.7485,587.4921,73.7319,-12.0608
569.5129,83.6930,588.2300,73.7874,-12.2875
570.3493,83.6384,588.9684,73.8420,-12.5105
571.1851,83.5849,589.7074,73.8955,-12.7294
572.0205,83.5325,590.4469,73.9479,-12.9436
572.8552,83.4796,591.1869,74.0008,-13.1600
573.6895,83.4281,591.9274,74.0523,-13.3710
574.5233,83.3781,592.6684,74.1023,-13.5760
575.3566,83.3262,593.4100,74.1542,-13.7890
576.1893,83.2776,594.1520,74.2028,-13.9882
577.0216,83.2275,594.8945,74.2529,-14.1942
577.8534,83.1793,595.6375,74.3011,-14.3928
578.6847,83.1313,596.3810,74.3491,-14.5904
579.5156,83.0837,597.1250,74.3967,-14.7866
580.3459,83.0366,597.8694,74.4438,-14.9810
581.1758,82.9902,598.6143,74.4902,-15.1731
582.0053,82.9444,599.3597,74.5360,-15.3627
582.8343,82.8978,600.1055,74.5826,-15.5557
583.6628,82.8536,600.8518,74.6268,-15.7389
584.4909,82.8089,601.5985,74.6715,-15.9247
585.3185,82.7652,602.3457,74.7152,-16.1065
586.1458,82.7227,603.0932,74.7577,-16.2839
586.9726,82.6798,603.8412,74.8006,-16.4628
587.7989,82.6382,604.5897,74.8422,-16.6366
588.6249,82.5965,605.3385,74.8839,-16.8112
589.4504,82.5548,606.0878,74.9256,-16.9862
590.2756,82.5145,606.8374,74.9659,-17.1551
591.1003,82.4744,607.5875,75.0060,-17.3237
591.9247,82.4345,608.3379,75.0459,-17.4917
592.7486,82.3949,609.0888,75.0855,-17.6587
593.5722,82.3571,609.8400,75.1233,-17.8185
594.3954,82.3184,610.5916,75.1620,-17.9825
595.2182,82.2815,611.3436,75.1989,-18.1389
596.0406,82.2438,612.0960,75.2366,-18.2987
596.8627,82.2068,612.8487,75.2736,-18.4560
597.6844,82.1706,613.6018,75.3098,-18.6105
598.5058,82.1351,614.3553,75.3453,-18.7619
599.3268,82.0991,615.1091,75.3813,-18.9155
600.1474,82.0641,615.8633,75.4163,-19.0654
600.9677,82.0288,616.6178,75.4516,-19.2169
601.7876,81.9945,617.3726,75.4859,-19.3642
602.6072,81.9613,618.1278,75.5191,-19.5071
603.4265,81.9279,618.8834,75.5525,-19.6508
604.2455,81.8946,619.6392,75.5858,-19.7948
605.0641,81.8624,620.3954,75.6180,-19.9337
605.8824,81.8304,621.1519,75.6500,-20.0725
606.7004,81.7985,621.9087,75.6819,-20.2110
607.5180,81.7668,622.6658,75.7136,-20.3488
608.3354,81.7353,623.4233,75.7451,-20.4856
609.1525,81.7053,624.1810,75.7751,-20.6163
609.9692,81.6746,624.9391,75.8058,-20.7507
610.7856,81.6442,625.6975,75.8362,-20.8834
611.6018,81.6144,626.4561,75.8660,-21.0142
612.4176,81.5861,627.2151,75.8943,-21.1382
613.2332,81.5562,627.9743,75.9242,-21.2696
614.0485,81.5280,628.7338,75.9524,-21.3937
614.8635,81.4994,629.4936,75.9810,-21.5199
615.6782,81.4715,630.2537,76.0089,-21.6432
616.4926,81.4443,631.0141,76.0361,-21.7634
617.3068,81.4168,631.7747,76.0636,-21.8851
618.1207,81.3902,632.5356,76.0902,-22.0033
618.9343,81.3633,633.2968,76.1171,-22.1225
619.7477,81.3374,634.0582,76.1430,-22.2379
620.5608,81.3104,634.8199,76.1700,-22.3583
621.3737,81.2853,635.5819,76.1951,-22.4701
622.1863,81.2593,636.3441,76.2211,-22.5864
622.9986,81.2343,637.1066,76.2461,-22.6984
623.8107,81.2093,637.8693,76.2711,-22.8100
624.6226,81.1846,638.6322,76.2958,-22.9212
625.4342,81.1609,639.3954,76.3195,-23.0276
626.2455,81.1365,640.1589,76.3439,-23.1374
627.0567,81.1132,640.9225,76.3672,-23.2422
627.8676,81.0893,641.6864,76.3911,-23.3499
628.6782,81.0658,642.4506,76.4146,-23.4563
629.4886,81.0425,643.2150,76.4379,-23.5612
630.2988,81.0206,643.9796,76.4598,-23.6606
631.1088,80.9982,644.7444,76.4822,-23.7622
631.9186,80.9753,645.5094,76.5051,-23.8659
632.7281,80.9538,646.2747,76.5266,-23.9637
633.5374,80.9319,647.0402,76.5485,-24.0632
634.3465,80.9105,647.8059,76.5699,-24.1604
635.1554,80.8889,648.5718,76.5915,-24.2590
635.9641,80.8678,649.3379,76.6126,-24.3551
636.7726,80.8474,650.1043,76.6330,-24.4485
637.5808,80.8267,650.8708,76.6537,-24.5428
638.3889,80.8059,651.6375,76.6745,-24.6379
639.1968,80.7858,652.4045,76.6946,-24.7300
640.0044,80.7656,653.1716,76.7148,-24.8226
640.8119,80.7461,653.9390,76.7343,-24.9120
641.6191,80.7265,654.7065,76.7539,-25.0016
642.4262,80.7070,655.4743,76.7734,-25.0913
643.2331,80.6882,656.2422,76.7922,-25.1774
644.0398,80.6688,657.0103,76.8116,-25.2669
644.8463,80.6501,657.7786,76.8303,-25.3527
645.6526,80.6316,658.5471,76.8488,-25.4381
646.4587,80.6131,659.3158,76.8673,-25.5230
647.2647,80.5948,660.0846,76.8856,-25.6073
648.0705,80.5774,660.8536,76.9030,-25.6875
648.8760,80.5595,661.6229,76.9209,-25.7702
649.6815,80.5418,662.3922,76.9386,-25.8520
650.4867,80.5243,663.1618,76.9561,-25.9327
651.2918,80.5070,663.9315,76.9734,-26.0123
652.0967,80.4900,664.7014,76.9904,-26.0907
652.9014,80.4727,665.4715,77.0077,-26.1709
653.7060,80.4563,666.2418,77.0241,-26.2466
654.5104,80.4395,667.0122,77.0409,-26.3239
655.3146,80.4232,667.7827,77.0572,-26.3996
656.1187,80.4065,668.5535,77.0739,-26.4767
656.9226,80.3908,669.3244,77.0896,-26.5490
657.7263,80.3749,670.0954,77.1055,-26.6225
658.5299,80.3588,670.8666,77.1216,-26.6970
659.3333,80.3431,671.6380,77.1373,-26.7696
660.1366,80.3278,672.4095,77.1526,-26.8401
660.9397,80.3123,673.1812,77.1681,-26.9115
661.7427,80.2967,673.9531,77.1837,-26.9835
662.5455,80.2822,674.7250,77.1982,-27.0503
663.3482,80.2670,675.4972,77.2134,-27.1206
664.1507,80.2523,676.2695,77.2281,-27.1884
664.9531,80.2375,677.0419,77.2429,-27.2566
665.7553,80.2232,677.8145,77.2572,-27.3223
666.5574,80.2083,678.5872,77.2721,-27.3909
667.3593,80.1927,679.3600,77.2840,-27.4542
668.1611,80.1725,680.1329,77.2927,-27.5202
668.9625,80.1483,680.9059,77.2976,-27.5861
669.7638,80.1207,681.6789,77.2979,-27.6492
670.5646,80.0891,682.4518,77.2944,-27.7121
671.3652,80.0536,683.2247,77.2869,-27.7747
672.1653,80.0141,683.9975,77.2755,-27.8368
672.9650,79.9713,684.7701,77.2596,-27.8960
673.7643,79.9241,685.5425,77.2402,-27.9572
674.5630,79.8730,686.3146,77.2168,-28.0176
675.3612,79.8180,687.0865,77.1894,-28.0774
676.1588,79.7592,687.8581,77.1579,-28.1363
676.9557,79.6967,688.6293,77.1224,-28.1943
677.7520,79.6303,689.4002,77.0827,-28.2512
678.5476,79.5597,690.1706,77.0395,-28.3095
679.3425,79.4858,690.9405,76.9916,-28.3642
680.1366,79.4077,691.7099,76.9401,-28.4200
680.9298,79.3254,692.4787,76.8849,-28.4767
681.7222,79.2400,693.2470,76.8250,-28.5297
682.5137,79.1503,694.0146,76.7614,-28.5834
683.3043,79.0566,694.7815,76.6940,-28.6377
684.0939,78.9592,695.5477,76.6224,-28.6903
684.8825,78.8578,696.3132,76.5470,-28.7433
685.6700,78.7528,697.0779,76.4673,-28.7943
686.4564,78.6437,697.8417,76.3837,-28.8455
687.2417,78.5307,698.6047,76.2963,-28.8968
688.0259,78.4141,699.3667,76.2045,-28.9458
688.8088,78.2936,700.1278,76.1087,-28.9947
689.5905,78.1692,700.8879,76.0090,-29.0433
690.3709,78.0409,701.6470,75.9054,-29.0915
691.1500,77.9087,702.4049,75.7977,-29.1393
691.9277,77.7727,703.1618,75.6860,-29.1864
692.7041,77.6328,703.9175,75.5703,-29.2327
693.4790,77.4887,704.6720,75.4509,-29.2803
694.2524,77.3413,705.4253,75.3270,-29.3249
695.0243,77.1897,706.1773,75.1994,-29.3704
695.7946,77.0344,706.9280,75.0676,-29.4147
696.5634,76.8754,707.6773,74.9316,-29.4577
697.3305,76.7122,708.4252,74.7919,-29.5013
698.0959,76.5451,709.1717,74.6484,-29.5453
698.8597,76.3743,709.9167,74.5006,-29.5877
699.6217,76.1999,710.6602,74.3485,-29.6284
700.3819,76.0211,711.4021,74.1930,-29.6710
701.1403,75.8388,712.1424,74.0331,-29.7116
701.8968,75.6525,712.8811,73.8693,-29.7520
702.6514,75.4623,713.6181,73.7014,-29.7921
703.4041,75.2687,714.3534,73.5292,-29.8299
704.1548,75.0709,715.0870,73.3534,-29.8689
704.9035,74.8692,715.8187,73.1735,-29.9073
705.6501,74.6633,716.5486,72.9899,-29.9465
706.3947,74.4541,717.2766,72.8017,-29.9831
707.1371,74.2408,718.0027,72.6099,-30.0204
707.8773,74.0238,718.7268,72.4138,-30.0564
708.6154,73.8027,719.4490,72.2139,-30.0929
709.3511,73.5780,720.1691,72.0099,-30.1279
710.0846,73.3492,720.8871,71.8019,-30.1631
710.8158,73.1169,721.6030,71.5896,-30.1967
711.5446,72.8803,722.3167,71.3738,-30.2317
712.2710,72.6401,723.0283,71.1536,-30.2649
712.9950,72.3961,723.7376,70.9295,-30.2977
713.7164,72.1478,724.4446,70.7017,-30.3316
714.4354,71.8961,725.1493,70.4694,-30.3632
715.1518,71.6403,725.8516,70.2334,-30.3957
715.8656,71.3807,726.5515,69.9933,-30.4272
716.5768,71.1174,727.2490,69.7491,-30.4578
717.2853,70.8503,727.9440,69.5007,-30.4873
717.9911,70.5789,728.6365,69.2488,-30.5185
718.6941,70.3039,729.3265,68.9926,-30.5483
719.3944,70.0253,730.0138,68.7322,-30.5767
720.0918,69.7424,730.6985,68.4682,-30.6063
720.7864,69.4559,731.3805,68.1998,-30.6343
721.4780,69.1656,732.0597,67.9275,-30.6619
722.1667,68.8711,732.7363,67.6514,-30.6903
722.8524,68.5731,733.4100,67.3709,-30.7167
723.5352,68.2710,734.0808,67.0867,-30.7437
724.2148,67.9652,734.7488,66.7983,-30.7699
724.8914,67.6565,735.4139,66.5072,-30.7963
725.5649,67.3480,736.0760,66.2157,-30.8216
726.2353,67.0395,736.7353,65.9242,-30.8470
726.9026,66.7310,737.3916,65.6327,-30.8723
727.5668,66.4229,738.0450,65.3408,-30.8962
728.2279,66.1146,738.6955,65.0492,-30.9210
728.8860,65.8067,739.3431,64.7571,-30.9442
729.5410,65.4986,739.9877,64.4652,-30.9681
730.1929,65.1907,740.6295,64.1731,-30.9913
730.8417,64.8830,741.2683,63.8808,-31.0138
731.4875,64.5755,741.9042,63.5883,-31.0354
732.1302,64.2677,742.5371,63.2961,-31.0585
732.7698,63.9604,743.1671,63.0033,-31.0793
733.4063,63.6529,743.7943,62.7109,-31.1014
734.0398,63.3457,744.4184,62.4181,-31.1221
734.6701,63.0385,745.0397,62.1253,-31.1427
735.2974,62.7314,745.6580,61.8323,-31.1629
735.9217,62.4245,746.2734,61.5393,-31.1828
736.5429,62.1174,746.8859,61.2464,-31.2032
737.1610,61.8107,747.4954,60.9531,-31.2220
737.7760,61.5039,748.1020,60.6598,-31.2411
738.3880,61.1971,748.7057,60.3667,-31.2606
738.9969,60.8905,749.3064,60.0732,-31.2791
739.6027,60.5842,749.9042,59.7796,-31.2967
740.2055,60.2776,750.4991,59.4862,-31.3153
740.8052,59.9713,751.0910,59.1925,-31.3328
741.4019,59.6650,751.6800,58.8987,-31.3501
741.9955,59.3589,752.2660,58.6049,-31.3671
742.5860,59.0528,752.8491,58.3109,-31.3837
743.1735,58.7469,753.4293,58.0169,-31.3999
743.7579,58.4409,754.0065,57.7229,-31.4166
744.3392,58.1350,754.5808,57.4288,-31.4326
744.9175,57.8293,755.1522,57.1345,-31.4478
745.4927,57.5236,755.7206,56.8402,-31.4633
746.0649,57.2179,756.2860,56.5459,-31.4789
746.6340,56.9121,756.8485,56.2516,-31.4944
747.2001,56.6067,757.4081,55.9571,-31.5089
747.7631,56.3013,757.9647,55.6625,-31.5233
748.3231,55.9959,758.5184,55.3678,-31.5374
748.8800,55.6907,759.0691,55.0731,-31.5511
749.4338,55.3853,759.6169,54.7784,-31.5654
749.9846,55.0803,760.1618,54.4834,-31.5783
750.5324,54.7753,760.7036,54.1885,-31.5916
751.0771,54.4701,761.2426,53.8936,-31.6051
751.6188,54.1652,761.7786,53.5986,-31.6178
752.1574,53.8602,762.3116,53.3036,-31.6307
752.6929,53.5555,762.8417,53.0083,-31.6428
753.2254,53.2507,763.3688,52.7130,-31.6548
753.7549,52.9461,763.8930,52.4177,-31.6666
754.2813,52.6412,764.4142,52.1225,-31.6791
754.8047,52.3367,764.9325,51.8271,-31.6905
755.3250,52.0322,765.4478,51.5315,-31.7016
755.8423,51.7277,765.9602,51.2361,-31.7130
756.3565,51.4233,766.4696,50.9405,-31.7240
756.8677,51.1190,766.9760,50.6448,-31.7344
757.3758,50.8147,767.4795,50.3491,-31.7450
757.8809,50.5104,767.9800,50.0534,-31.7557
758.3830,50.2062,768.4776,49.7575,-31.7657
758.8820,49.9021,768.9722,49.4617,-31.7757
759.3780,49.5980,769.4639,49.1657,-31.7856
759.8709,49.2940,769.9526,48.8698,-31.7953
760.3608,48.9900,770.4383,48.5738,-31.8048
760.8477,48.6861,770.9211,48.2776,-31.8141
761.3315,48.3823,771.4009,47.9814,-31.8230
761.8123,48.0786,771.8778,47.6851,-31.8315
762.2901,47.7749,772.3517,47.3889,-31.8403
762.7648,47.4711,772.8226,47.0927,-31.8492
763.2364,47.1675,773.2905,46.7963,-31.8576
763.7051,46.8638,773.7555,46.5000,-31.8661
764.1707,46.5603,774.2176,46.2034,-31.8739
764.6332,46.2569,774.6766,45.9069,-31.8816
765.0928,45.9533,775.1327,45.6104,-31.8899
765.5493,45.6500,775.5859,45.3138,-31.8974
766.0027,45.3467,776.0361,45.0171,-31.9047
766.4532,45.0433,776.4833,44.7205,-31.9123
766.9006,44.7402,776.9275,44.4236,-31.9190
767.3449,44.4368,777.3688,44.1269,-31.9266
767.7863,44.1338,777.8071,43.8300,-31.9331
768.2246,43.8307,778.2424,43.5331,-31.9398
768.6599,43.5276,778.6748,43.2362,-31.9466
769.0921,43.2246,779.1042,42.9391,-31.9529
769.5213,42.9215,779.5306,42.6423,-31.9596
769.9475,42.6186,779.9540,42.3452,-31.9658
770.3707,42.3157,780.3745,42.0480,-31.9718
770.7908,42.0129,780.7920,41.7509,-31.9777
771.2079,41.7101,781.2066,41.4536,-31.9834
771.6220,41.4073,781.6181,41.1565,-31.9894
772.0330,41.1047,782.0267,40.8591,-31.9946
772.4410,40.8020,782.4323,40.5617,-32.0000
772.8460,40.4993,782.8350,40.2644,-32.0055
773.2480,40.1968,783.2346,39.9670,-32.0106
773.6469,39.8942,783.6313,39.6696,-32.0158
774.0429,39.5916,784.0251,39.3721,-32.0209
774.4358,39.2892,784.4158,39.0746,-32.0256
774.8256,38.9867,784.8036,38.7771,-32.0307
775.2125,38.6843,785.1884,38.4794,-32.0352
775.5963,38.3820,785.5702,38.1817,-32.0396
775.9771,38.0796,785.9490,37.8841,-32.0442
776.3549,37.7773,786.3249,37.5864,-32.0486
776.7296,37.4751,786.6978,37.2887,-32.0528
777.1013,37.1730,787.0677,36.9908,-32.0567
777.4700,36.8708,787.4346,36.6929,-32.0607
777.8357,36.5686,787.7986,36.3951,-32.0648
778.1984,36.2664,788.1595,36.0973,-32.0689
778.5580,35.9644,788.5175,35.7994,-32.0726
778.9147,35.6624,788.8725,35.5014,-32.0763
779.2683,35.3604,789.2246,35.2034,-32.0799
779.6189,35.0585,789.5736,34.9052,-32.0830
779.9664,34.7566,789.9197,34.6072,-32.0864
780.3110,34.4546,790.2628,34.3092,-32.0900
780.6525,34.1528,790.6029,34.0110,-32.0930
780.9910,33.8510,790.9400,33.7128,-32.0962
781.3265,33.5492,791.2742,33.4146,-32.0992
781.6590,33.2474,791.6053,33.1163,-32.1022
781.9884,32.9456,791.9335,32.8181,-32.1053
782.3149,32.6439,792.2587,32.5198,-32.1081
782.6383,32.3423,792.5809,32.2215,-32.1109
782.9587,32.0406,792.9002,31.9232,-32.1136
783.2761,31.7391,793.2164,31.6247,-32.1160
783.5905,31.4375,793.5297,31.3263,-32.1186
783.9018,31.1359,793.8400,31.0278,-32.1211
784.2102,30.8344,794.1473,30.7293,-32.1234
784.5155,30.5329,794.4516,30.4309,-32.1259
784.8178,30.2315,794.7529,30.1322,-32.1280
785.1171,29.9300,795.0512,29.8338,-32.1303
785.4134,29.6287,795.3466,29.5351,-32.1323
785.7067,29.3273,795.6389,29.2365,-32.1345
785.9969,29.0259,795.9283,28.9378,-32.1364
786.2842,28.7246,796.2147,28.6391,-32.1384
786.5684,28.4233,796.4981,28.3404,-32.1403
786.8496,28.1220,796.7785,28.0417,-32.1422
787.1278,27.8208,797.0560,27.7430,-32.1440
787.4030,27.5196,797.3304,27.4442,-32.1457
787.6752,27.2184,797.6019,27.1453,-32.1473
787.9444,26.9172,797.8703,26.8465,-32.1490
788.2105,26.6161,798.1358,26.5477,-32.1506
788.4737,26.3150,798.3983,26.2487,-32.1520
788.7338,26.0140,798.6578,25.9498,-32.1535
788.9910,25.7129,798.9143,25.6509,-32.1549
789.2451,25.4119,799.1678,25.3519,-32.1562
789.4962,25.1109,799.4183,25.0529,-32.1575
789.7443,24.8098,799.6659,24.7539,-32.1589
789.9894,24.5089,799.9104,24.4549,-32.1602
790.2315,24.2079,800.1520,24.1558,-32.1613
790.4705,23.9071,800.3905,23.8567,-32.1624
790.7066,23.6061,800.6261,23.5576,-32.1636
790.9396,23.3053,800.8587,23.2585,-32.1647
791.1697,23.0044,801.0883,22.9593,-32.1656
791.3967,22.7036,801.3149,22.6602,-32.1667
791.6207,22.4028,801.5385,22.3609,-32.1676
791.8418,22.1020,801.7591,22.0617,-32.1685
792.0598,21.8012,801.9768,21.7625,-32.1694
792.2748,21.5005,802.1914,21.4633,-32.1703
792.4868,21.1998,802.4030,21.1640,-32.1710
792.6958,20.8991,802.6117,20.8647,-32.1719
792.9018,20.5983,802.8173,20.5654,-32.1727
793.1047,20.2977,803.0200,20.2661,-32.1734
793.3047,19.9970,803.2197,19.9667,-32.1741
793.5017,19.6964,803.4163,19.6673,-32.1747
793.6956,19.3958,803.6100,19.3680,-32.1754
793.8866,19.0952,803.8007,19.0685,-32.1759
794.0745,18.7947,803.9884,18.7691,-32.1765
794.2595,18.4941,804.1731,18.4697,-32.1771
794.4414,18.1936,804.3548,18.1702,-32.1776
794.6203,17.8930,804.5335,17.8708,-32.1782
794.7963,17.5925,804.7092,17.5713,-32.1787
794.9692,17.2920,804.8819,17.2718,-32.1791
795.1391,16.9915,805.0516,16.9722,-32.1795
795.3060,16.6911,805.2184,16.6727,-32.1800
795.4699,16.3906,805.3821,16.3732,-32.1804
795.6308,16.0902,805.5428,16.0736,-32.1808
795.7887,15.7898,805.7006,15.7740,-32.1811
795.9436,15.4894,805.8553,15.4744,-32.1815
796.0955,15.1890,806.0071,15.1748,-32.1818
796.2444,14.8886,806.1558,14.8751,-32.1821
796.3903,14.5883,806.3016,14.5755,-32.1824
796.5331,14.2879,806.4443,14.2758,-32.1827
796.6730,13.9876,806.5841,13.9761,-32.1829
796.8099,13.6873,806.7209,13.6765,-32.1832
796.9438,13.3870,806.8546,13.3768,-32.1834
797.0746,13.0867,806.9854,13.0771,-32.1837
797.2025,12.7864,807.1132,12.7773,-32.1839
797.3274,12.4861,807.2380,12.4776,-32.1841
797.4492,12.1859,807.3597,12.1779,-32.1843
797.5681,11.8856,807.4785,11.8782,-32.1845
797.6839,11.5855,807.5943,11.5782,-32.1845
797.7968,11.2857,807.7071,11.2791,-32.1847
797.9067,10.9894,807.8169,10.9832,-32.1849
798.0136,10.6970,807.9238,10.6912,-32.1850
798.1177,10.4086,808.0279,10.4032,-32.1852
798.2190,10.1241,808.1291,10.1191,-32.1853
798.3174,9.8436,808.2274,9.8390,-32.1854
798.4131,9.5671,808.3231,9.5626,-32.1854
798.5060,9.2944,808.4160,9.2904,-32.1856
798.5963,9.0259,808.5062,9.0219,-32.1856
798.6839,8.7610,808.5938,8.7576,-32.1857
798.7689,8.5003,808.6787,8.4970,-32.1857
798.8513,8.2434,808.7611,8.2404,-32.1859
798.9312,7.9906,808.8410,7.9877,-32.1859
799.0087,7.7416,808.9184,7.7390,-32.1860
799.0836,7.4966,808.9934,7.4942,-32.1860
799.1562,7.2555,809.0659,7.2534,-32.1861
799.2264,7.0184,809.1360,7.0164,-32.1861
799.2942,6.7852,809.2039,6.7834,-32.1862
799.3598,6.5560,809.2694,6.5543,-32.1862
799.4231,6.3307,809.3327,6.3291,-32.1863
799.4842,6.1094,809.3938,6.1079,-32.1863
799.5431,5.8919,809.4527,5.8906,-32.1863
799.5999,5.6785,809.5095,5.6773,-32.1863
799.6546,5.4689,809.5642,5.4679,-32.1864
799.7072,5.2634,809.6168,5.2624,-32.1864
799.7578,5.0617,809.6674,5.0608,-32.1864
799.8065,4.8640,809.7160,4.8632,-32.1864
799.8532,4.6703,809.7627,4.6695,-32.1864
799.8980,4.4804,809.8075,4.4798,-32.1865
799.9409,4.2946,809.8504,4.2939,-32.1865
799.9820,4.1126,809.8916,4.1120,-32.1865
800.0214,3.9346,809.9309,3.9341,-32.1865
800.0590,3.7605,809.9685,3.7601,-32.1865
800.0949,3.5904,810.0044,3.5900,-32.1865
800.1291,3.4242,810.0386,3.4239,-32.1866
800.1618,3.2620,810.0713,3.2617,-32.1866
800.1928,3.1037,810.1023,3.1034,-32.1866
800.2223,2.9493,810.1318,2.9490,-32.1866
800.2503,2.7988,810.1598,2.7986,-32.1866
800.2768,2.6524,810.1863,2.6522,-32.1866
800.3019,2.5098,810.2114,2.5096,-32.1866
800.3256,2.3712,810.2351,2.3710,-32.1866
800.3480,2.2365,810.2575,2.2364,-32.1866
800.3690,2.1058,810.2785,2.1057,-32.1866
800.3888,1.9790,810.2983,1.9789,-32.1866
800.4074,1.8561,810.3169,1.8560,-32.1866
800.4247,1.7372,810.3342,1.7371,-32.1866
800.4410,1.6222,810.3505,1.6221,-32.1866
800.4561,1.5111,810.3656,1.5111,-32.1866
800.4701,1.4040,810.3796,1.4040,-32.1866
800.4831,1.3008,810.3926,1.3008,-32.1866
800.4951,1.2016,810.4046,1.2016,-32.1866
800.5062,1.1063,810.4157,1.1063,-32.1866
800.5164,1.0149,810.4258,1.0149,-32.1866
800.5256,0.9275,810.4351,0.9275,-32.1866
800.5341,0.8440,810.4436,0.8440,-32.1866
800.5417,0.7645,810.4512,0.7644,-32.1866
800.5486,0.6888,810.4581,0.6888,-32.1866
800.5548,0.6171,810.4643,0.6171,-32.1866
800.5603,0.5494,810.4698,0.5494,-32.1866
800.5651,0.4856,810.4746,0.4856,-32.1866
800.5694,0.4257,810.4789,0.4257,-32.1866
800.5731,0.3698,810.4826,0.3698,-32.1866
800.5763,0.3178,810.4858,0.3178,-32.1866
800.5790,0.2698,810.4884,0.2698,-32.1866
800.5812,0.2256,810.4907,0.2256,-32.1866
800.5831,0.1855,810.4926,0.1855,-32.1866
800.5846,0.1492,810.4941,0.1492,-32.1866
800.5857,0.1169,810.4952,0.1169,-32.1866
800.5866,0.0885,810.4961,0.0885,-32.1866
800.5873,0.0641,810.4967,0.0641,-32.1866
800.5877,0.0436,810.4972,0.0436,-32.1866
800.5880,0.0270,810.4975,0.0270,-32.1866
800.5881,0.0144,810.4976,0.0144,-32.1866
800.5882,0.0057,810.4977,0.0057,-32.1866
800.5882,0.0010,810.4977,0.0010,-32.1866